"firstTimeStamp","timeStamp","bundleID","domain","domainOwner","hits"
"2024-10-11T22:31:47.314+02:00","2024-10-18T21:32:15.972+02:00","com.9gag.ios.mobile","aax-eu.amazon-adsystem.com","Amazon Technologies, Inc.",8
"2024-10-11T22:31:43.969+02:00","2024-10-18T21:32:14.089+02:00","com.9gag.ios.mobile","c.amazon-adsystem.com","",6
"2024-10-11T22:31:44.223+02:00","2024-10-18T21:32:14.118+02:00","com.9gag.ios.mobile","aax.amazon-adsystem.com","Amazon Technologies, Inc.",9
"2024-10-11T22:31:34.442+02:00","2024-10-18T21:32:22.863+02:00","com.9gag.ios.mobile","app-analytics-services.com","",7
"2024-10-11T22:31:34.344+02:00","2024-10-18T21:32:15.137+02:00","com.9gag.ios.mobile","ep7.facebook.com","",7
"2024-10-11T22:31:55.069+02:00","2024-10-18T21:32:14.564+02:00","com.9gag.ios.mobile","googleads.g.doubleclick.net","Google LLC",8
"2024-10-11T22:31:54.589+02:00","2024-10-18T21:32:42.653+02:00","com.9gag.ios.mobile","firebaselogging-pa.googleapis.com","Google LLC",7
"2024-10-11T22:31:57.242+02:00","2024-10-18T21:32:27.625+02:00","com.9gag.ios.mobile","region1.app-analytics-services.com","",7
"2024-10-12T22:17:03.104+02:00","2024-10-18T21:32:13.974+02:00","com.9gag.ios.mobile","r11.o.lencr.org","",5
"2024-10-12T22:17:11.575+02:00","2024-10-12T22:17:11.575+02:00","com.9gag.ios.mobile","tpc.googlesyndication.com","",1
"2024-10-12T22:17:15.587+02:00","2024-10-18T21:32:24.716+02:00","com.9gag.ios.mobile","www.gstatic.com","",3
"2024-10-12T22:17:03.118+02:00","2024-10-12T22:17:03.118+02:00","com.9gag.ios.mobile","firebaseinstallations.googleapis.com","",1
"2024-10-12T22:17:08.792+02:00","2024-10-18T21:32:24.816+02:00","com.9gag.ios.mobile","www.googletagservices.com","",3
"2024-10-12T22:17:03.273+02:00","2024-10-18T21:32:15.119+02:00","com.9gag.ios.mobile","firebaseinappmessaging.googleapis.com","",4
"2024-10-12T22:17:03.279+02:00","2024-10-18T21:32:15.150+02:00","com.9gag.ios.mobile","firebaseremoteconfig.googleapis.com","Google LLC",4
"2024-10-12T22:17:03.132+02:00","2024-10-18T21:32:13.009+02:00","com.9gag.ios.mobile","inappcheck.itunes.apple.com","",5
"2024-10-12T22:17:08.787+02:00","2024-10-18T21:32:24.691+02:00","com.9gag.ios.mobile","pagead2.googlesyndication.com","Google LLC",4
"2024-10-12T22:17:08.204+02:00","2024-10-18T21:32:23.988+02:00","com.9gag.ios.mobile","pubads.g.doubleclick.net","Google LLC",4
"2024-10-12T22:17:17.346+02:00","2024-10-14T22:34:33.896+02:00","com.9gag.ios.mobile","r10.o.lencr.org","",2
"2024-10-12T22:17:03.246+02:00","2024-10-18T21:32:13.032+02:00","com.9gag.ios.mobile","ep2.facebook.com","",5
"2024-10-14T12:28:20.322+02:00","2024-10-18T21:32:14.777+02:00","com.9gag.ios.mobile","g.doubleclick.net","Google LLC",4
"2024-10-14T22:34:34.154+02:00","2024-10-14T22:34:34.154+02:00","com.9gag.ios.mobile","ocsp.godaddy.com","",1
"2024-10-14T22:34:33.988+02:00","2024-10-14T22:34:33.988+02:00","com.9gag.ios.mobile","tps.doubleverify.com","",1
"2024-10-14T22:34:15.399+02:00","2024-10-18T21:32:15.144+02:00","com.9gag.ios.mobile","firebase-settings.crashlytics.com","Google LLC",3
"2024-10-14T22:34:16.325+02:00","2024-10-18T21:32:14.175+02:00","com.9gag.ios.mobile","amp-api-edge.apps.apple.com","",4
"2024-10-14T22:34:33.516+02:00","2024-10-14T22:34:33.516+02:00","com.9gag.ios.mobile","cdn.doubleverify.com","",1
"2024-10-14T22:34:35.018+02:00","2024-10-14T22:34:35.018+02:00","com.9gag.ios.mobile","tpsc-ew1.doubleverify.com","",1
"2024-10-14T22:34:15.602+02:00","2024-10-18T21:32:13.211+02:00","com.9gag.ios.mobile","mobile-data.onetrust.io","",4
"2024-10-13T07:49:19.435+02:00","2024-10-19T08:02:22.739+02:00","com.linkedin.LinkedIn","inappcheck.itunes.apple.com","",12
"2024-10-13T07:49:21.403+02:00","2024-10-19T08:02:23.164+02:00","com.linkedin.LinkedIn","mzstorekit.itunes.apple.com","",12
"2024-10-13T17:05:57.741+02:00","2024-10-19T08:02:44.417+02:00","com.linkedin.LinkedIn","ads.linkedin.com","Microsoft Corporation",18
"2024-10-13T17:06:16.094+02:00","2024-10-18T10:01:14.364+02:00","com.linkedin.LinkedIn","74.125.250.129","",7
"2024-10-13T17:05:56.906+02:00","2024-10-19T08:02:22.954+02:00","com.linkedin.LinkedIn","media.licdn.com","",18
"2024-10-14T07:20:54.442+02:00","2024-10-14T07:20:54.442+02:00","com.linkedin.LinkedIn","cadmus2.script.ac","",1
"2024-10-14T07:20:54.024+02:00","2024-10-14T07:20:54.024+02:00","com.linkedin.LinkedIn","e5.o.lencr.org","",1
"2024-10-14T07:20:54.445+02:00","2024-10-14T07:20:54.445+02:00","com.linkedin.LinkedIn","i.clean.gg","",1
"2024-10-12T20:33:00.978+02:00","2024-10-18T21:21:13.649+02:00","com.google.ios.youtube","clients3.google.com","",9
"2024-10-12T20:33:04.080+02:00","2024-10-18T21:45:17.078+02:00","com.google.ios.youtube","www.youtube.com","",24
"2024-10-12T20:33:00.985+02:00","2024-10-18T21:21:14.015+02:00","com.google.ios.youtube","inappcheck.itunes.apple.com","",8
"2024-10-12T20:33:01.006+02:00","2024-10-18T21:47:33.733+02:00","com.google.ios.youtube","i.ytimg.com","",35
"2024-10-12T20:33:01.345+02:00","2024-10-18T21:50:48.526+02:00","com.google.ios.youtube","notifications-pa.googleapis.com","",24
"2024-10-12T20:33:00.954+02:00","2024-10-18T21:21:13.604+02:00","com.google.ios.youtube","app-analytics-services.com","",10
"2024-10-12T20:33:01.340+02:00","2024-10-17T22:27:34.980+02:00","com.google.ios.youtube","accountcapabilities-pa.googleapis.com","",4
"2024-10-12T20:33:00.988+02:00","2024-10-18T21:21:13.773+02:00","com.google.ios.youtube","oauthaccountmanager.googleapis.com","",11
"2024-10-12T20:33:48.088+02:00","2024-10-18T21:22:01.146+02:00","com.google.ios.youtube","www.googleapis.com","",7
"2024-10-12T20:33:16.464+02:00","2024-10-18T21:49:02.081+02:00","com.google.ios.youtube","region1.app-analytics-services.com","",31
"2024-10-12T20:33:27.165+02:00","2024-10-18T21:21:41.543+02:00","com.google.ios.youtube","googleads.g.doubleclick.net","Google LLC",13
"2024-10-12T20:43:19.100+02:00","2024-10-18T21:26:12.882+02:00","com.google.ios.youtube","lh3.googleusercontent.com","",9
"2024-10-12T22:16:17.255+02:00","2024-10-18T21:49:02.548+02:00","com.google.ios.youtube","play.googleapis.com","",15
"2024-10-13T00:43:11.923+02:00","2024-10-17T22:59:08.766+02:00","com.google.ios.youtube","g.doubleclick.net","Google LLC",6
"2024-10-13T00:42:38.423+02:00","2024-10-18T21:22:01.426+02:00","com.google.ios.youtube","people-pa.googleapis.com","",4
"2024-10-13T00:45:22.081+02:00","2024-10-13T00:45:22.081+02:00","com.google.ios.youtube","encrypted-tbn3.gstatic.com","",1
"2024-10-13T00:45:09.096+02:00","2024-10-17T22:30:13.582+02:00","com.google.ios.youtube","www.gstatic.com","",5
"2024-10-13T00:45:08.869+02:00","2024-10-13T00:45:08.869+02:00","com.google.ios.youtube","encrypted-tbn1.gstatic.com","",1
"2024-10-13T00:45:08.862+02:00","2024-10-13T00:45:08.862+02:00","com.google.ios.youtube","encrypted-tbn0.gstatic.com","",1
"2024-10-13T00:50:18.196+02:00","2024-10-17T22:30:54.862+02:00","com.google.ios.youtube","fonts.gstatic.com","",2
"2024-10-13T10:54:29.517+02:00","2024-10-18T21:45:17.049+02:00","com.google.ios.youtube","pagead2.googlesyndication.com","Google LLC",8
"2024-10-13T10:54:29.555+02:00","2024-10-18T21:45:17.087+02:00","com.google.ios.youtube","ade.googlesyndication.com","",9
"2024-10-13T10:54:29.551+02:00","2024-10-18T21:45:17.053+02:00","com.google.ios.youtube","ad.doubleclick.net","",8
"2024-10-14T22:24:31.921+02:00","2024-10-18T21:21:13.771+02:00","com.google.ios.youtube","oauth2.googleapis.com","",5
"2024-10-15T22:22:59.558+02:00","2024-10-17T22:27:36.567+02:00","com.google.ios.youtube","fcmtoken.googleapis.com","",3
"2024-10-15T22:22:59.554+02:00","2024-10-17T16:05:15.300+02:00","com.google.ios.youtube","www.google.com","",3
"2024-10-16T22:25:21.326+02:00","2024-10-18T21:24:48.086+02:00","com.google.ios.youtube","www.googleadservices.com","Google LLC",2
"2024-10-17T22:27:34.978+02:00","2024-10-17T22:27:34.978+02:00","com.google.ios.youtube","firebaseinstallations.googleapis.com","",1
"2024-10-15T22:19:35.443+02:00","2024-10-15T22:19:35.443+02:00","company.thebrowser.ArcMobile2","ingest.sentry.io","Functional Software, Inc.",1
"2024-10-15T22:19:35.282+02:00","2024-10-15T22:19:35.282+02:00","company.thebrowser.ArcMobile2","3.datadog.pool.ntp.org","",1
"2024-10-15T22:19:56.241+02:00","2024-10-15T22:19:56.241+02:00","company.thebrowser.ArcMobile2","www.google.com","Google LLC",1
"2024-10-15T22:19:57.656+02:00","2024-10-15T22:19:57.656+02:00","company.thebrowser.ArcMobile2","r11.o.lencr.org","",1
"2024-10-15T22:19:59.486+02:00","2024-10-15T22:19:59.486+02:00","company.thebrowser.ArcMobile2","encrypted-tbn0.gstatic.com","",1
"2024-10-15T22:20:24.991+02:00","2024-10-15T22:20:24.991+02:00","company.thebrowser.ArcMobile2","fonts.gstatic.com","",1
"2024-10-15T22:20:25.184+02:00","2024-10-15T22:20:25.184+02:00","company.thebrowser.ArcMobile2","cdn.cookielaw.org","",1
"2024-10-15T22:20:32.199+02:00","2024-10-15T22:20:32.199+02:00","company.thebrowser.ArcMobile2","ocsp.godaddy.com","",1
"2024-10-15T22:20:30.673+02:00","2024-10-15T22:20:30.674+02:00","company.thebrowser.ArcMobile2","www.gstatic.com","",1
"2024-10-15T22:20:24.966+02:00","2024-10-15T22:20:24.966+02:00","company.thebrowser.ArcMobile2","fonts.googleapis.com","",1
"2024-10-11T23:06:13.120+02:00","2024-10-18T21:19:26.271+02:00","com.strava.stravaride","ocsp.godaddy.com","",11
"2024-10-11T23:06:12.530+02:00","2024-10-19T00:27:09.824+02:00","com.strava.stravaride","ingest.sentry.io","Functional Software, Inc.",23
"2024-10-12T10:40:50.661+02:00","2024-10-16T16:57:53.626+02:00","com.strava.stravaride","platform-lookaside.fbsbx.com","",12
"2024-10-12T18:18:43.363+02:00","2024-10-19T08:39:03.633+02:00","com.strava.stravaride","cdn.branch.io","",65
"2024-10-12T18:18:43.183+02:00","2024-10-19T08:01:37.182+02:00","com.strava.stravaride","graph.facebook.com","Facebook, Inc.",47
"2024-10-12T18:18:43.207+02:00","2024-10-19T08:01:37.753+02:00","com.strava.stravaride","inappcheck.itunes.apple.com","",17
"2024-10-12T18:18:43.189+02:00","2024-10-19T08:39:03.324+02:00","com.strava.stravaride","api3.branch.io","",72
"2024-10-13T11:05:41.849+02:00","2024-10-13T11:05:41.849+02:00","com.strava.stravaride","manifest-gcp-us-east1-vop1.fastly.mux.com","",1
"2024-10-13T11:05:41.532+02:00","2024-10-17T20:07:36.220+02:00","com.strava.stravaride","stream.mux.com","",9
"2024-10-13T11:05:42.864+02:00","2024-10-16T13:52:18.021+02:00","com.strava.stravaride","chunk-gcp-us-east1-vop1.fastly.mux.com","",11
"2024-10-13T12:19:12.134+02:00","2024-10-16T09:58:10.980+02:00","com.strava.stravaride","manifest-gcp-us-east1-vop1.cfcdn.mux.com","",7
"2024-10-13T12:19:13.207+02:00","2024-10-16T13:52:18.025+02:00","com.strava.stravaride","chunk-gcp-us-east1-vop1.cfcdn.mux.com","",20
"2024-10-13T12:19:30.965+02:00","2024-10-18T09:12:59.285+02:00","com.strava.stravaride","lh3.googleusercontent.com","",5
"2024-10-13T15:11:05.165+02:00","2024-10-17T21:37:13.240+02:00","com.strava.stravaride","chunk-gcp-us-east4-vop1.cfcdn.mux.com","",8
"2024-10-13T15:07:55.587+02:00","2024-10-17T20:29:18.694+02:00","com.strava.stravaride","manifest-gcp-us-east4-vop1.cfcdn.mux.com","",4
"2024-10-14T07:19:45.346+02:00","2024-10-19T00:27:09.767+02:00","com.strava.stravaride","amp-api-edge.apps.apple.com","",9
"2024-10-14T07:19:46.355+02:00","2024-10-17T20:07:31.863+02:00","com.strava.stravaride","ocsp.rootca1.amazontrust.com","",2
"2024-10-14T07:19:45.399+02:00","2024-10-19T00:27:09.858+02:00","com.strava.stravaride","mzstorekit.itunes.apple.com","",8
"2024-10-18T08:04:18.658+02:00","2024-10-18T08:04:18.658+02:00","com.strava.stravaride","firebaseinstallations.googleapis.com","",1
"2024-10-12T20:32:05.975+02:00","2024-10-16T22:34:56.897+02:00","com.toyopagroup.picaboo","inappcheck.itunes.apple.com","",4
"2024-10-12T20:32:32.512+02:00","2024-10-17T22:26:48.140+02:00","com.toyopagroup.picaboo","mzstorekit.itunes.apple.com","",5
"2024-10-12T20:32:33.210+02:00","2024-10-17T22:26:48.420+02:00","com.toyopagroup.picaboo","amp-api-edge.apps.apple.com","",5
"2024-10-12T20:32:26.969+02:00","2024-10-16T22:38:23.639+02:00","com.toyopagroup.picaboo","client-api.itunes.apple.com","",2
"2024-10-12T20:32:23.038+02:00","2024-10-12T20:32:23.038+02:00","com.toyopagroup.picaboo","www.google-analytics.com","Google LLC",1
"2024-10-12T20:32:23.042+02:00","2024-10-12T20:32:23.042+02:00","com.toyopagroup.picaboo","sc-static.net","",1
"2024-10-12T21:29:07.640+02:00","2024-10-18T18:00:20.837+02:00","com.datacamp","amp-api-edge.apps.apple.com","",5
"2024-10-12T21:29:07.008+02:00","2024-10-15T23:09:37.763+02:00","com.datacamp","cdn-settings.appsflyersdk.com","",2
"2024-10-12T21:29:07.155+02:00","2024-10-18T18:00:20.320+02:00","com.datacamp","inappcheck.itunes.apple.com","",5
"2024-10-12T21:29:07.163+02:00","2024-10-15T23:09:37.818+02:00","com.datacamp","launches.appsflyer.com","AppsFlyer",2
"2024-10-12T21:29:07.109+02:00","2024-10-18T18:00:20.192+02:00","com.datacamp","ocsp.digicert.com","",5
"2024-10-12T21:29:07.149+02:00","2024-10-18T18:00:20.318+02:00","com.datacamp","mzstorekit.itunes.apple.com","",5
"2024-10-18T18:00:20.113+02:00","2024-10-18T18:00:20.113+02:00","com.datacamp","3.datadog.pool.ntp.org","",1
"2024-10-12T18:09:16.564+02:00","2024-10-19T10:38:46.940+02:00","com.google.Maps","oauth2.googleapis.com","",24
"2024-10-12T18:09:16.931+02:00","2024-10-19T10:38:47.405+02:00","com.google.Maps","accounts.google.com","",20
"2024-10-12T18:09:18.557+02:00","2024-10-18T17:56:31.371+02:00","com.google.Maps","www.gstatic.com","",15
"2024-10-12T18:09:16.956+02:00","2024-10-18T17:56:33.398+02:00","com.google.Maps","encrypted-tbn2.gstatic.com","",2
"2024-10-12T18:09:25.050+02:00","2024-10-18T21:27:26.789+02:00","com.google.Maps","app-analytics-services.com","",16
"2024-10-12T18:09:16.879+02:00","2024-10-14T15:57:35.718+02:00","com.google.Maps","encrypted-tbn0.gstatic.com","",2
"2024-10-12T18:09:15.054+02:00","2024-10-19T10:38:46.930+02:00","com.google.Maps","oauthaccountmanager.googleapis.com","",49
"2024-10-12T18:09:16.920+02:00","2024-10-18T17:56:25.410+02:00","com.google.Maps","accountcapabilities-pa.googleapis.com","",5
"2024-10-12T18:09:16.909+02:00","2024-10-18T17:56:26.512+02:00","com.google.Maps","peoplestack-pa.googleapis.com","",5
"2024-10-12T18:09:16.929+02:00","2024-10-19T10:38:48.112+02:00","com.google.Maps","people-pa.googleapis.com","",23
"2024-10-12T18:09:16.896+02:00","2024-10-18T21:31:12.945+02:00","com.google.Maps","notifications-pa.googleapis.com","",37
"2024-10-12T18:09:16.913+02:00","2024-10-19T10:38:48.300+02:00","com.google.Maps","lh3.googleusercontent.com","",23
"2024-10-12T18:09:16.894+02:00","2024-10-19T10:38:48.483+02:00","com.google.Maps","www.googleapis.com","",27
"2024-10-12T18:09:16.891+02:00","2024-10-18T17:56:27.547+02:00","com.google.Maps","growth-pa.googleapis.com","",9
"2024-10-12T18:09:18.550+02:00","2024-10-18T21:27:18.747+02:00","com.google.Maps","www.google.com","",20
"2024-10-12T18:09:28.699+02:00","2024-10-18T21:31:13.399+02:00","com.google.Maps","region1.app-analytics-services.com","",39
"2024-10-12T18:09:55.735+02:00","2024-10-18T21:30:40.976+02:00","com.google.Maps","play.googleapis.com","",38
"2024-10-13T11:53:51.727+02:00","2024-10-13T11:53:51.727+02:00","com.google.Maps","lh5.googleusercontent.com","",1
"2024-10-14T15:57:36.147+02:00","2024-10-14T15:57:36.147+02:00","com.google.Maps","encrypted-tbn3.gstatic.com","",1
"2024-10-16T21:10:00.261+02:00","2024-10-16T21:10:00.261+02:00","com.google.Maps","firebaseinstallations.googleapis.com","",1
"2024-10-18T17:56:33.392+02:00","2024-10-18T17:56:33.392+02:00","com.google.Maps","encrypted-tbn1.gstatic.com","",1
"2024-10-15T23:04:21.249+02:00","2024-10-18T10:07:22.583+02:00","swiss.ricardo.iphone","r11.o.lencr.org","",2
"2024-10-15T23:04:35.255+02:00","2024-10-18T10:07:35.833+02:00","swiss.ricardo.iphone","region1.app-analytics-services.com","",3
"2024-10-15T23:04:21.172+02:00","2024-10-18T10:07:21.909+02:00","swiss.ricardo.iphone","launches.appsflyer.com","AppsFlyer",2
"2024-10-15T23:04:21.855+02:00","2024-10-18T10:07:22.577+02:00","swiss.ricardo.iphone","googleads.g.doubleclick.net","Google LLC",2
"2024-10-15T23:04:20.811+02:00","2024-10-15T23:04:20.811+02:00","swiss.ricardo.iphone","rules3.aatkit.com","AddApptr GmbH",1
"2024-10-15T23:04:20.701+02:00","2024-10-18T10:07:21.482+02:00","swiss.ricardo.iphone","firebase-settings.crashlytics.com","Google LLC",2
"2024-10-15T23:04:22.535+02:00","2024-10-18T10:07:51.770+02:00","swiss.ricardo.iphone","crashlyticsreports-pa.googleapis.com","Google LLC",2
"2024-10-15T23:04:50.707+02:00","2024-10-18T10:07:22.566+02:00","swiss.ricardo.iphone","firebaselogging-pa.googleapis.com","Google LLC",5
"2024-10-15T23:04:22.520+02:00","2024-10-18T10:07:22.571+02:00","swiss.ricardo.iphone","firebaseremoteconfig.googleapis.com","Google LLC",3
"2024-10-15T23:04:21.679+02:00","2024-10-18T10:07:22.597+02:00","swiss.ricardo.iphone","cdn.cookielaw.org","",2
"2024-10-15T23:04:20.922+02:00","2024-10-18T10:07:21.528+02:00","swiss.ricardo.iphone","r10.o.lencr.org","",2
"2024-10-15T23:04:20.927+02:00","2024-10-18T10:07:21.837+02:00","swiss.ricardo.iphone","firebaseremoteconfigrealtime.googleapis.com","",3
"2024-10-15T23:04:30.360+02:00","2024-10-18T10:07:31.421+02:00","swiss.ricardo.iphone","app-analytics-services.com","",2
"2024-10-15T23:04:20.711+02:00","2024-10-18T10:07:21.491+02:00","swiss.ricardo.iphone","cdn-settings.appsflyersdk.com","",2
"2024-10-15T23:04:21.207+02:00","2024-10-18T10:07:21.933+02:00","swiss.ricardo.iphone","mobile-data.onetrust.io","",2
"2024-10-15T23:04:21.898+02:00","2024-10-15T23:04:21.898+02:00","swiss.ricardo.iphone","firebaseinstallations.googleapis.com","",1
"2024-10-15T23:04:47.229+02:00","2024-10-15T23:04:47.229+02:00","swiss.ricardo.iphone","74.125.250.129","",1
"2024-10-15T23:04:20.722+02:00","2024-10-18T10:07:21.497+02:00","swiss.ricardo.iphone","mobile-sdk-config.gservice.emarsys.net","",2
"2024-10-15T23:04:21.917+02:00","2024-10-15T23:04:21.917+02:00","swiss.ricardo.iphone","images.ctfassets.net","",1
"2024-10-15T23:06:06.271+02:00","2024-10-18T10:07:21.829+02:00","swiss.ricardo.iphone","rules.aatkit.com","AddApptr GmbH",2
"2024-10-15T23:05:06.434+02:00","2024-10-18T10:08:11.492+02:00","swiss.ricardo.iphone","tracking.aatkit.com","AddApptr GmbH",3
"2024-10-15T23:08:42.482+02:00","2024-10-15T23:08:42.482+02:00","swiss.ricardo.iphone","rules2.aatkit.com","",1
"2024-10-15T23:08:53.841+02:00","2024-10-15T23:08:53.841+02:00","swiss.ricardo.iphone","www.googletagmanager.com","Google LLC",1
"2024-10-15T23:08:54.607+02:00","2024-10-15T23:08:54.607+02:00","swiss.ricardo.iphone","sc-static.net","",1
"2024-10-15T23:08:54.957+02:00","2024-10-15T23:08:54.957+02:00","swiss.ricardo.iphone","ade.googlesyndication.com","",1
"2024-10-15T23:08:54.594+02:00","2024-10-15T23:08:54.594+02:00","swiss.ricardo.iphone","www.google-analytics.com","Google LLC",1
"2024-10-15T23:08:53.534+02:00","2024-10-15T23:08:53.534+02:00","swiss.ricardo.iphone","fonts.gstatic.com","",1
"2024-10-15T23:08:55.329+02:00","2024-10-15T23:08:55.329+02:00","swiss.ricardo.iphone","ib.adnxs.com","Microsoft Corporation",1
"2024-10-15T23:08:55.308+02:00","2024-10-15T23:08:55.308+02:00","swiss.ricardo.iphone","wave.outbrain.com","",1
"2024-10-15T23:08:54.614+02:00","2024-10-15T23:08:54.614+02:00","swiss.ricardo.iphone","bat.bing.com","Microsoft Corporation",1
"2024-10-15T23:08:53.230+02:00","2024-10-15T23:08:53.230+02:00","swiss.ricardo.iphone","fonts.googleapis.com","",1
"2024-10-15T23:08:49.333+02:00","2024-10-15T23:08:49.333+02:00","swiss.ricardo.iphone","device-provisioning.googleapis.com","",1
"2024-10-15T23:08:55.327+02:00","2024-10-15T23:08:55.327+02:00","swiss.ricardo.iphone","tr.outbrain.com","",1
"2024-10-15T23:08:54.628+02:00","2024-10-15T23:08:54.628+02:00","swiss.ricardo.iphone","amplify.outbrain.com","",1
"2024-10-15T23:08:53.759+02:00","2024-10-15T23:08:53.759+02:00","swiss.ricardo.iphone","ingest.sentry.io","Functional Software, Inc.",1
"2024-10-15T23:08:54.553+02:00","2024-10-15T23:08:54.553+02:00","swiss.ricardo.iphone","pagead2.googlesyndication.com","Google LLC",1
"2024-10-15T23:08:54.634+02:00","2024-10-18T10:07:26.934+02:00","swiss.ricardo.iphone","acdn.adnxs.com","",2
"2024-10-15T23:09:06.497+02:00","2024-10-18T10:07:27.449+02:00","swiss.ricardo.iphone","g.doubleclick.net","Google LLC",2
"2024-10-15T23:08:49.584+02:00","2024-10-15T23:08:49.584+02:00","swiss.ricardo.iphone","fcmtoken.googleapis.com","",1
"2024-10-18T10:08:00.241+02:00","2024-10-18T10:08:00.241+02:00","swiss.ricardo.iphone","gspe19-2-ssl.ls.apple.com","",1
"2024-10-18T10:07:26.932+02:00","2024-10-18T10:07:26.932+02:00","swiss.ricardo.iphone","ib.adnxs-simple.com","",1
"2024-10-18T10:07:59.536+02:00","2024-10-18T10:07:59.536+02:00","swiss.ricardo.iphone","gsp-ssl.ls.apple.com","",1
"2024-10-18T10:08:00.215+02:00","2024-10-18T10:08:00.215+02:00","swiss.ricardo.iphone","gspe19-ssl.ls.apple.com","",1
"2024-10-18T10:08:11.890+02:00","2024-10-18T10:08:11.890+02:00","swiss.ricardo.iphone","reporting.aatkit.com","",1
"2024-10-12T11:29:19.636+02:00","2024-10-12T11:29:19.636+02:00","com.duolingo.DuolingoMobile","www.gstatic.com","",1
"2024-10-12T11:29:21.557+02:00","2024-10-17T23:57:00.059+02:00","com.duolingo.DuolingoMobile","lh5.googleusercontent.com","",2
"2024-10-15T23:10:30.312+02:00","2024-10-18T21:33:14.936+02:00","com.duolingo.DuolingoMobile","firebase-settings.crashlytics.com","Google LLC",3
"2024-10-15T23:10:31.993+02:00","2024-10-18T21:34:37.558+02:00","com.duolingo.DuolingoMobile","amp-api-edge.apps.apple.com","",6
"2024-10-15T23:10:30.290+02:00","2024-10-18T21:35:01.995+02:00","com.duolingo.DuolingoMobile","inappcheck.itunes.apple.com","",5
"2024-10-15T23:10:31.013+02:00","2024-10-18T21:33:15.688+02:00","com.duolingo.DuolingoMobile","graph.facebook.com","",4
"2024-10-15T23:10:33.684+02:00","2024-10-18T21:33:18.256+02:00","com.duolingo.DuolingoMobile","googleads.g.doubleclick.net","Google LLC",4
"2024-10-15T23:10:34.323+02:00","2024-10-17T23:57:23.866+02:00","com.duolingo.DuolingoMobile","crashlyticsreports-pa.googleapis.com","Google LLC",3
"2024-10-15T23:10:30.849+02:00","2024-10-19T10:44:53.367+02:00","com.duolingo.DuolingoMobile","ocsp.godaddy.com","",5
"2024-10-15T23:10:49.595+02:00","2024-10-18T21:33:25.349+02:00","com.duolingo.DuolingoMobile","ep7.facebook.com","",3
"2024-10-15T23:11:00.031+02:00","2024-10-17T23:56:54.835+02:00","com.duolingo.DuolingoMobile","firebaselogging-pa.googleapis.com","Google LLC",2
"2024-10-15T23:10:50.186+02:00","2024-10-18T21:33:39.386+02:00","com.duolingo.DuolingoMobile","unityads.unity3d.com","Unity Software Inc.",3
"2024-10-15T23:10:51.532+02:00","2024-10-18T21:33:36.056+02:00","com.duolingo.DuolingoMobile","ocsp.digicert.com","",3
"2024-10-15T23:10:50.103+02:00","2024-10-18T21:33:35.791+02:00","com.duolingo.DuolingoMobile","lh3.googleusercontent.com","",2
"2024-10-15T23:10:49.562+02:00","2024-10-18T21:33:19.130+02:00","com.duolingo.DuolingoMobile","configv2.unityads.unity3d.com","Unity Software Inc.",4
"2024-10-15T23:10:50.088+02:00","2024-10-18T21:33:35.783+02:00","com.duolingo.DuolingoMobile","tpc.googlesyndication.com","",3
"2024-10-15T23:10:50.139+02:00","2024-10-18T21:33:35.846+02:00","com.duolingo.DuolingoMobile","pagead2.googlesyndication.com","Google LLC",4
"2024-10-15T23:10:49.231+02:00","2024-10-18T21:33:33.983+02:00","com.duolingo.DuolingoMobile","pubads.g.doubleclick.net","Google LLC",4
"2024-10-15T23:10:51.455+02:00","2024-10-18T21:33:25.593+02:00","com.duolingo.DuolingoMobile","thind.unityads.unity3d.com","Unity Software Inc.",4
"2024-10-18T21:35:01.467+02:00","2024-10-18T21:35:01.467+02:00","com.duolingo.DuolingoMobile","mzstorekit.itunes.apple.com","",1
"2024-10-18T21:33:19.297+02:00","2024-10-18T21:33:19.297+02:00","com.duolingo.DuolingoMobile","firebaseinstallations.googleapis.com","",1
"2024-10-18T21:33:18.482+02:00","2024-10-18T21:33:18.482+02:00","com.duolingo.DuolingoMobile","g.doubleclick.net","Google LLC",1
"2024-10-14T14:12:36.705+02:00","2024-10-14T17:19:47.451+02:00","com.adobe.Adobe-Reader","api3.branch.io","",4
"2024-10-14T14:12:34.593+02:00","2024-10-14T17:19:46.631+02:00","com.adobe.Adobe-Reader","dpm.demdex.net","Adobe Inc.",2
"2024-10-14T14:12:36.510+02:00","2024-10-14T17:19:47.222+02:00","com.adobe.Adobe-Reader","amp-api-edge.apps.apple.com","",3
"2024-10-14T14:12:36.641+02:00","2024-10-14T14:12:36.641+02:00","com.adobe.Adobe-Reader","mzstorekit.itunes.apple.com","",1
"2024-10-14T14:12:34.536+02:00","2024-10-14T17:19:46.652+02:00","com.adobe.Adobe-Reader","assets.adobedtm.com","",2
"2024-10-14T14:12:36.709+02:00","2024-10-14T17:19:48.274+02:00","com.adobe.Adobe-Reader","cdn.branch.io","",2
"2024-10-14T14:12:36.646+02:00","2024-10-14T17:19:48.225+02:00","com.adobe.Adobe-Reader","sc.omtrdc.net","Adobe Inc.",6
"2024-10-14T14:12:35.109+02:00","2024-10-14T17:19:47.247+02:00","com.adobe.Adobe-Reader","ep2.facebook.com","",2
"2024-10-14T14:12:36.638+02:00","2024-10-14T17:19:46.983+02:00","com.adobe.Adobe-Reader","data.adobedc.net","Adobe Inc.",2
"2024-10-14T14:12:35.063+02:00","2024-10-14T14:12:35.063+02:00","com.adobe.Adobe-Reader","inappcheck.itunes.apple.com","",1
"2024-10-14T14:15:05.981+02:00","2024-10-14T17:19:47.735+02:00","com.adobe.Adobe-Reader","www.googleapis.com","",7
"2024-10-14T14:15:45.886+02:00","2024-10-14T17:19:50.791+02:00","com.adobe.Adobe-Reader","lh3.googleusercontent.com","",4
"2024-10-11T22:31:59.033+02:00","2024-10-19T06:05:09.622+02:00","com.burbn.instagram","graph.facebook.com","Facebook, Inc.",8
"2024-10-11T22:32:01.924+02:00","2024-10-19T06:05:10.471+02:00","com.burbn.instagram","mzstorekit.itunes.apple.com","",5
"2024-10-11T22:31:59.049+02:00","2024-10-19T06:05:09.601+02:00","com.burbn.instagram","www.facebook.com","Facebook, Inc.",5
"2024-10-14T22:27:40.781+02:00","2024-10-15T22:18:40.220+02:00","com.burbn.instagram","web.facebook.com","Facebook, Inc.",2
"2024-10-15T10:38:54.202+02:00","2024-10-16T00:38:30.947+02:00","ch.migros.m-go","crashlyticsreports-pa.googleapis.com","Google LLC",3
"2024-10-15T10:38:22.901+02:00","2024-10-15T10:38:22.901+02:00","ch.migros.m-go","firebase-settings.crashlytics.com","Google LLC",1
"2024-10-15T10:38:22.953+02:00","2024-10-16T14:46:51.393+02:00","ch.migros.m-go","r10.o.lencr.org","",3
"2024-10-15T10:38:32.644+02:00","2024-10-16T15:40:25.074+02:00","ch.migros.m-go","app-analytics-services.com","",7
"2024-10-15T10:38:23.620+02:00","2024-10-16T14:46:52.122+02:00","ch.migros.m-go","images.ctfassets.net","",4
"2024-10-15T10:38:37.393+02:00","2024-10-16T15:40:34.042+02:00","ch.migros.m-go","region1.app-analytics-services.com","",7
"2024-10-15T10:38:23.064+02:00","2024-10-16T15:40:25.277+02:00","ch.migros.m-go","firebaseremoteconfig.googleapis.com","Google LLC",5
"2024-10-15T10:38:22.929+02:00","2024-10-16T15:40:25.526+02:00","ch.migros.m-go","firebaselogging-pa.googleapis.com","Google LLC",8
"2024-10-16T14:46:51.401+02:00","2024-10-16T14:46:51.401+02:00","ch.migros.m-go","firebaseinstallations.googleapis.com","",1
"2024-10-13T11:51:18.746+02:00","2024-10-18T16:51:28.642+02:00","org.whispersystems.signal","r10.o.lencr.org","",11
"2024-10-13T16:21:45.484+02:00","2024-10-13T16:21:45.484+02:00","org.whispersystems.signal","www.google.com","",1
"2024-10-13T16:21:46.223+02:00","2024-10-13T16:21:46.223+02:00","org.whispersystems.signal","lh5.googleusercontent.com","",1
"2024-10-14T07:33:06.929+02:00","2024-10-18T16:51:27.145+02:00","org.whispersystems.signal","itunes.apple.com","",6
"2024-10-15T12:44:19.549+02:00","2024-10-15T12:44:19.549+02:00","org.whispersystems.signal","i.scdn.co","",1
"2024-10-16T23:00:40.072+02:00","2024-10-16T23:00:40.072+02:00","org.whispersystems.signal","i.ytimg.com","",1
"2024-10-16T23:00:38.805+02:00","2024-10-16T23:00:38.805+02:00","org.whispersystems.signal","www.youtube.com","",1
"2024-10-15T14:29:39.087+02:00","2024-10-15T14:29:39.087+02:00","net.whatsapp.WhatsApp","gsp-ssl.ls.apple.com","",1
"2024-10-15T14:29:39.334+02:00","2024-10-15T14:29:39.334+02:00","net.whatsapp.WhatsApp","gspe19-2-ssl.ls.apple.com","",1
"2024-10-15T14:29:39.324+02:00","2024-10-15T14:29:39.324+02:00","net.whatsapp.WhatsApp","gspe19-ssl.ls.apple.com","",1
"2024-10-12T11:34:27.614+02:00","2024-10-18T10:05:24.774+02:00","de.spiegel.spon","firebase-settings.crashlytics.com","Google LLC",4
"2024-10-12T14:42:35.831+02:00","2024-10-15T08:46:32.801+02:00","de.spiegel.spon","ocsp.godaddy.com","",3
"2024-10-12T14:42:15.951+02:00","2024-10-15T03:50:06.815+02:00","de.spiegel.spon","www.gstatic.com","",2
"2024-10-12T14:52:45.430+02:00","2024-10-18T10:05:33.451+02:00","de.spiegel.spon","stream.mux.com","",7
"2024-10-12T14:52:45.925+02:00","2024-10-12T14:52:45.925+02:00","de.spiegel.spon","manifest-gcp-us-east1-vop1.fastly.mux.com","",1
"2024-10-12T14:52:46.248+02:00","2024-10-12T14:52:46.248+02:00","de.spiegel.spon","chunk-gcp-us-east1-vop1.fastly.mux.com","",1
"2024-10-12T16:04:45.588+02:00","2024-10-18T10:05:30.626+02:00","de.spiegel.spon","amplify.outbrain.com","",17
"2024-10-12T16:04:43.346+02:00","2024-10-18T10:05:24.948+02:00","de.spiegel.spon","googleads.g.doubleclick.net","Google LLC",35
"2024-10-12T16:04:45.270+02:00","2024-10-18T10:05:30.322+02:00","de.spiegel.spon","www.googletagmanager.com","Google LLC",19
"2024-10-12T16:04:43.527+02:00","2024-10-18T10:05:30.299+02:00","de.spiegel.spon","g.doubleclick.net","Google LLC",17
"2024-10-12T16:04:45.604+02:00","2024-10-18T10:06:45.119+02:00","de.spiegel.spon","ib.adnxs.com","Microsoft Corporation",45
"2024-10-12T16:04:43.550+02:00","2024-10-18T10:05:30.476+02:00","de.spiegel.spon","sc.omtrdc.net","Adobe Inc.",120
"2024-10-12T16:04:43.431+02:00","2024-10-18T10:05:24.931+02:00","de.spiegel.spon","firebaseinappmessaging.googleapis.com","",4
"2024-10-12T16:04:45.743+02:00","2024-10-18T10:05:30.737+02:00","de.spiegel.spon","wave.outbrain.com","",26
"2024-10-12T16:04:45.767+02:00","2024-10-18T10:05:30.745+02:00","de.spiegel.spon","aax-eu.amazon-adsystem.com","Amazon Technologies, Inc.",27
"2024-10-12T16:04:43.511+02:00","2024-10-18T10:05:30.518+02:00","de.spiegel.spon","data.adobedc.net","Adobe Inc.",44
"2024-10-12T16:04:46.530+02:00","2024-10-18T10:05:31.041+02:00","de.spiegel.spon","tpc.googlesyndication.com","",26
"2024-10-12T16:04:45.634+02:00","2024-10-18T10:05:30.580+02:00","de.spiegel.spon","c.amazon-adsystem.com","",15
"2024-10-12T16:04:44.324+02:00","2024-10-18T10:05:30.569+02:00","de.spiegel.spon","www.facebook.com","Facebook, Inc.",41
"2024-10-12T16:04:45.585+02:00","2024-10-18T10:05:30.516+02:00","de.spiegel.spon","r11.o.lencr.org","",13
"2024-10-12T16:04:45.746+02:00","2024-10-18T10:05:30.662+02:00","de.spiegel.spon","aax.amazon-adsystem.com","Amazon Technologies, Inc.",20
"2024-10-12T16:04:45.591+02:00","2024-10-16T16:00:06.057+02:00","de.spiegel.spon","ads.linkedin.com","Microsoft Corporation",21
"2024-10-12T16:04:45.731+02:00","2024-10-18T10:05:30.757+02:00","de.spiegel.spon","tr.outbrain.com","",28
"2024-10-12T16:04:45.628+02:00","2024-10-18T10:05:30.616+02:00","de.spiegel.spon","bat.bing.com","Microsoft Corporation",30
"2024-10-12T16:04:45.640+02:00","2024-10-18T10:06:45.147+02:00","de.spiegel.spon","pixel.adsafeprotected.com","",62
"2024-10-12T16:04:43.462+02:00","2024-10-18T10:05:30.956+02:00","de.spiegel.spon","pagead2.googlesyndication.com","Google LLC",35
"2024-10-12T16:04:44.432+02:00","2024-10-18T10:05:28.868+02:00","de.spiegel.spon","s3.eu-central-1.amazonaws.com","",24
"2024-10-12T16:04:45.753+02:00","2024-10-16T16:00:06.483+02:00","de.spiegel.spon","www.googleadservices.com","Google LLC",20
"2024-10-12T16:04:43.521+02:00","2024-10-18T10:05:28.887+02:00","de.spiegel.spon","assets.adobedtm.com","",18
"2024-10-12T18:08:53.951+02:00","2024-10-18T10:05:30.545+02:00","de.spiegel.spon","e5.o.lencr.org","",8
"2024-10-12T18:08:53.227+02:00","2024-10-18T10:05:30.513+02:00","de.spiegel.spon","r10.o.lencr.org","",16
"2024-10-12T18:09:07.492+02:00","2024-10-18T10:07:18.696+02:00","de.spiegel.spon","region1.app-analytics-services.com","",36
"2024-10-12T18:08:52.745+02:00","2024-10-18T10:05:24.904+02:00","de.spiegel.spon","inappcheck.itunes.apple.com","",7
"2024-10-12T18:09:07.282+02:00","2024-10-18T10:05:33.434+02:00","de.spiegel.spon","app-analytics-services.com","",13
"2024-10-12T18:08:53.910+02:00","2024-10-16T16:00:06.461+02:00","de.spiegel.spon","www.google.com","",22
"2024-10-12T18:08:52.699+02:00","2024-10-12T18:08:52.699+02:00","de.spiegel.spon","firebaseinstallations.googleapis.com","",1
"2024-10-12T18:20:58.876+02:00","2024-10-16T10:27:38.316+02:00","de.spiegel.spon","ade.googlesyndication.com","",5
"2024-10-12T18:20:47.600+02:00","2024-10-18T10:06:15.700+02:00","de.spiegel.spon","s0.2mdn.net","",10
"2024-10-12T18:32:07.345+02:00","2024-10-18T10:06:15.581+02:00","de.spiegel.spon","www.googletagservices.com","",6
"2024-10-12T18:31:13.799+02:00","2024-10-12T18:31:13.799+02:00","de.spiegel.spon","tps.doubleverify.com","",1
"2024-10-12T18:31:13.577+02:00","2024-10-12T18:31:13.577+02:00","de.spiegel.spon","cdn.doubleverify.com","",1
"2024-10-12T18:31:13.544+02:00","2024-10-18T10:05:33.372+02:00","de.spiegel.spon","ad.doubleclick.net","",12
"2024-10-12T20:28:33.078+02:00","2024-10-18T10:06:25.268+02:00","de.spiegel.spon","firebaselogging-pa.googleapis.com","Google LLC",33
"2024-10-12T20:30:04.398+02:00","2024-10-15T09:55:51.320+02:00","de.spiegel.spon","acdn.adnxs-simple.com","",2
"2024-10-12T20:30:04.391+02:00","2024-10-16T08:50:19.721+02:00","de.spiegel.spon","i.clean.gg","",3
"2024-10-15T01:04:57.830+02:00","2024-10-18T10:05:30.289+02:00","de.spiegel.spon","cm.g.doubleclick.net","Google LLC",3
"2024-10-15T01:04:58.200+02:00","2024-10-18T10:05:30.583+02:00","de.spiegel.spon","dpm.demdex.net","Adobe Inc.",2
"2024-10-15T01:08:13.017+02:00","2024-10-16T09:03:52.614+02:00","de.spiegel.spon","firebaseremoteconfig.googleapis.com","Google LLC",2
"2024-10-15T01:07:05.611+02:00","2024-10-15T01:07:05.611+02:00","de.spiegel.spon","ocsp.rootca1.amazontrust.com","",1
"2024-10-15T01:07:12.742+02:00","2024-10-16T09:04:55.479+02:00","de.spiegel.spon","static.adsafeprotected.com","",7
"2024-10-15T01:07:03.663+02:00","2024-10-15T08:35:07.066+02:00","de.spiegel.spon","s3.amazonaws.com","",13
"2024-10-15T01:07:04.396+02:00","2024-10-15T08:48:29.092+02:00","de.spiegel.spon","pubads.g.doubleclick.net","Google LLC",32
"2024-10-15T01:08:43.861+02:00","2024-10-16T16:00:50.850+02:00","de.spiegel.spon","fonts.googleapis.com","",8
"2024-10-15T08:41:23.637+02:00","2024-10-18T10:05:32.183+02:00","de.spiegel.spon","acdn.adnxs.com","",7
"2024-10-15T08:46:08.988+02:00","2024-10-15T09:07:16.009+02:00","de.spiegel.spon","chunk-gcp-us-east1-vop1.cfcdn.mux.com","",5
"2024-10-15T08:46:00.398+02:00","2024-10-15T09:51:09.333+02:00","de.spiegel.spon","manifest-gcp-us-east1-vop1.cfcdn.mux.com","",4
"2024-10-15T08:47:37.844+02:00","2024-10-15T09:04:15.732+02:00","de.spiegel.spon","cdn.ampproject.org","",2
"2024-10-15T09:01:21.909+02:00","2024-10-15T09:01:21.909+02:00","de.spiegel.spon","cadmus2.script.ac","",1
"2024-10-15T09:41:50.079+02:00","2024-10-15T09:41:50.079+02:00","de.spiegel.spon","encrypted-tbn2.gstatic.com","",1
"2024-10-15T09:41:50.082+02:00","2024-10-15T09:41:50.082+02:00","de.spiegel.spon","encrypted-tbn3.gstatic.com","",1
"2024-10-15T09:41:50.075+02:00","2024-10-15T09:41:50.075+02:00","de.spiegel.spon","encrypted-tbn1.gstatic.com","",1
"2024-10-16T08:50:27.950+02:00","2024-10-16T08:50:27.950+02:00","de.spiegel.spon","crcdn01.adnxs-simple.com","",1
"2024-10-16T08:47:15.523+02:00","2024-10-18T10:05:35.199+02:00","de.spiegel.spon","chunk-gcp-us-east4-vop1.cfcdn.mux.com","",3
"2024-10-16T08:47:15.485+02:00","2024-10-18T10:05:33.461+02:00","de.spiegel.spon","manifest-gcp-us-east4-vop1.cfcdn.mux.com","",2
"2024-10-16T09:10:20.593+02:00","2024-10-16T16:00:50.859+02:00","de.spiegel.spon","fonts.gstatic.com","",2
"2024-10-13T17:50:45.123+02:00","2024-10-13T17:50:45.123+02:00","com.google.Gmail","peoplestack-pa.googleapis.com","",1
"2024-10-13T17:50:44.921+02:00","2024-10-13T17:50:44.921+02:00","com.google.Gmail","oauth2.googleapis.com","",1
"2024-10-13T17:50:45.079+02:00","2024-10-14T14:14:33.629+02:00","com.google.Gmail","play.googleapis.com","",2
"2024-10-13T17:50:45.099+02:00","2024-10-13T17:50:45.099+02:00","com.google.Gmail","cdn.ampproject.org","",1
"2024-10-13T17:50:49.459+02:00","2024-10-14T14:14:33.640+02:00","com.google.Gmail","accounts.google.com","",2
"2024-10-13T17:50:53.786+02:00","2024-10-14T14:14:36.797+02:00","com.google.Gmail","fonts.gstatic.com","",2
"2024-10-13T17:50:45.164+02:00","2024-10-14T14:14:33.624+02:00","com.google.Gmail","people-pa.googleapis.com","",2
"2024-10-13T17:50:45.199+02:00","2024-10-14T14:14:33.645+02:00","com.google.Gmail","www.googleapis.com","",2
"2024-10-13T17:50:45.104+02:00","2024-10-14T14:14:33.619+02:00","com.google.Gmail","notifications-pa.googleapis.com","",2
"2024-10-13T17:50:45.097+02:00","2024-10-13T17:50:45.097+02:00","com.google.Gmail","growth-pa.googleapis.com","",1
"2024-10-13T17:50:44.998+02:00","2024-10-14T14:14:33.614+02:00","com.google.Gmail","inappcheck.itunes.apple.com","",2
"2024-10-13T17:50:45.106+02:00","2024-10-14T14:14:33.650+02:00","com.google.Gmail","lh3.googleusercontent.com","",2
"2024-10-13T17:50:53.760+02:00","2024-10-14T14:14:36.792+02:00","com.google.Gmail","www.gstatic.com","",2
"2024-10-13T17:50:44.192+02:00","2024-10-14T14:14:33.261+02:00","com.google.Gmail","oauthaccountmanager.googleapis.com","",2
"2024-10-17T15:13:44.058+02:00","2024-10-19T00:24:09.888+02:00","com.tripodsocial.apps.tandem","fonts.googleapis.com","",3
"2024-10-17T15:13:42.118+02:00","2024-10-17T15:13:42.118+02:00","com.tripodsocial.apps.tandem","firebaseinstallations.googleapis.com","",1
"2024-10-17T15:13:42.599+02:00","2024-10-18T23:22:31.799+02:00","com.tripodsocial.apps.tandem","firebaseremoteconfig.googleapis.com","Google LLC",9
"2024-10-17T15:13:44.068+02:00","2024-10-19T00:29:22.528+02:00","com.tripodsocial.apps.tandem","rt.applovin.com","",17
"2024-10-17T15:13:41.724+02:00","2024-10-19T00:29:05.419+02:00","com.tripodsocial.apps.tandem","graph.facebook.com","Facebook, Inc.",13
"2024-10-17T15:13:48.144+02:00","2024-10-19T00:24:10.150+02:00","com.tripodsocial.apps.tandem","fonts.gstatic.com","",3
"2024-10-17T15:13:56.163+02:00","2024-10-19T00:24:02.097+02:00","com.tripodsocial.apps.tandem","app-measurement.com","Google LLC",10
"2024-10-17T15:13:44.075+02:00","2024-10-18T23:22:33.824+02:00","com.tripodsocial.apps.tandem","d.applovin.com","",7
"2024-10-17T15:13:48.464+02:00","2024-10-19T00:29:05.417+02:00","com.tripodsocial.apps.tandem","web.facebook.com","Facebook, Inc.",15
"2024-10-17T15:13:48.109+02:00","2024-10-19T00:23:42.597+02:00","com.tripodsocial.apps.tandem","googleads.g.doubleclick.net","Google LLC",13
"2024-10-17T15:13:44.051+02:00","2024-10-18T23:22:33.583+02:00","com.tripodsocial.apps.tandem","g.doubleclick.net","Google LLC",5
"2024-10-17T15:13:43.841+02:00","2024-10-19T00:23:42.198+02:00","com.tripodsocial.apps.tandem","ms.applovin.com","",11
"2024-10-17T15:13:42.596+02:00","2024-10-18T15:32:19.805+02:00","com.tripodsocial.apps.tandem","firebaseinappmessaging.googleapis.com","",2
"2024-10-17T15:13:42.108+02:00","2024-10-17T15:13:42.108+02:00","com.tripodsocial.apps.tandem","device-provisioning.googleapis.com","",1
"2024-10-17T15:13:58.746+02:00","2024-10-19T00:29:21.389+02:00","com.tripodsocial.apps.tandem","region1.app-measurement.com","Google LLC",22
"2024-10-17T15:14:14.193+02:00","2024-10-19T00:29:05.433+02:00","com.tripodsocial.apps.tandem","firebaselogging-pa.googleapis.com","Google LLC",26
"2024-10-17T15:13:41.713+02:00","2024-10-17T15:13:41.713+02:00","com.tripodsocial.apps.tandem","firebase-settings.crashlytics.com","Google LLC",1
"2024-10-17T15:13:41.753+02:00","2024-10-19T00:23:42.377+02:00","com.tripodsocial.apps.tandem","inappcheck.itunes.apple.com","",5
"2024-10-17T15:13:42.876+02:00","2024-10-18T23:22:32.508+02:00","com.tripodsocial.apps.tandem","fundingchoicesmessages.google.com","",7
"2024-10-17T15:13:41.805+02:00","2024-10-18T23:22:31.433+02:00","com.tripodsocial.apps.tandem","amp-api-edge.apps.apple.com","",7
"2024-10-17T15:13:48.291+02:00","2024-10-19T00:23:43.226+02:00","com.tripodsocial.apps.tandem","pagead2.googlesyndication.com","Google LLC",12
"2024-10-17T23:51:02.231+02:00","2024-10-19T00:23:50.947+02:00","com.tripodsocial.apps.tandem","gsp-ssl.ls.apple.com","",3
"2024-10-17T23:51:02.423+02:00","2024-10-19T00:23:51.196+02:00","com.tripodsocial.apps.tandem","gspe19-ssl.ls.apple.com","",3
"2024-10-17T23:51:02.279+02:00","2024-10-19T00:23:50.958+02:00","com.tripodsocial.apps.tandem","gspe19-2-ssl.ls.apple.com","",3
"2024-10-19T00:24:09.890+02:00","2024-10-19T00:24:09.890+02:00","com.tripodsocial.apps.tandem","www.googletagservices.com","",1
"2024-10-19T00:24:09.971+02:00","2024-10-19T00:24:09.971+02:00","com.tripodsocial.apps.tandem","tpc.googlesyndication.com","",1
"2024-10-19T00:24:09.884+02:00","2024-10-19T00:24:09.884+02:00","com.tripodsocial.apps.tandem","www.gstatic.com","",1
"2024-10-12T23:49:57.151+02:00","2024-10-19T10:47:07.072+02:00","co.bird.Ride","firebase-settings.crashlytics.com","Google LLC",2
"2024-10-12T23:49:57.300+02:00","2024-10-12T23:49:57.300+02:00","co.bird.Ride","firebaseinstallations.googleapis.com","",1
"2024-10-12T23:49:57.330+02:00","2024-10-19T10:47:07.380+02:00","co.bird.Ride","gsp-ssl.ls.apple.com","",5
"2024-10-12T23:49:57.166+02:00","2024-10-19T11:02:17.159+02:00","co.bird.Ride","graph.facebook.com","Facebook, Inc.",6
"2024-10-12T23:49:58.718+02:00","2024-10-19T10:47:07.482+02:00","co.bird.Ride","ocsp.digicert.com","",2
"2024-10-12T23:50:05.956+02:00","2024-10-19T10:47:15.440+02:00","co.bird.Ride","app-analytics-services.com","",2
"2024-10-12T23:49:57.558+02:00","2024-10-12T23:49:57.558+02:00","co.bird.Ride","static.bird.co","",1
"2024-10-12T23:50:10.790+02:00","2024-10-19T10:47:19.874+02:00","co.bird.Ride","region1.app-analytics-services.com","",6
"2024-10-12T23:49:57.306+02:00","2024-10-19T10:47:07.375+02:00","co.bird.Ride","gspe19-2-ssl.ls.apple.com","",5
"2024-10-12T23:49:57.324+02:00","2024-10-19T10:47:07.370+02:00","co.bird.Ride","gspe19-ssl.ls.apple.com","",6
"2024-10-12T23:49:57.357+02:00","2024-10-12T23:49:57.357+02:00","co.bird.Ride","s3.amazonaws.com","",1
"2024-10-12T23:50:25.797+02:00","2024-10-19T11:02:17.108+02:00","co.bird.Ride","firebaselogging-pa.googleapis.com","Google LLC",2
"2024-10-15T09:26:10.426+02:00","2024-10-15T09:26:10.426+02:00","tv.sf.iapp","firebaseremoteconfig.googleapis.com","Google LLC",1
"2024-10-15T09:26:14.774+02:00","2024-10-15T09:27:22.916+02:00","tv.sf.iapp","census-app-x.scorecardresearch.com","",2
"2024-10-15T09:26:10.372+02:00","2024-10-15T09:26:10.372+02:00","tv.sf.iapp","firebase-settings.crashlytics.com","Google LLC",1
"2024-10-15T09:26:10.444+02:00","2024-10-15T09:26:10.444+02:00","tv.sf.iapp","firebaseinstallations.googleapis.com","",1
"2024-10-15T09:26:19.205+02:00","2024-10-15T09:26:19.205+02:00","tv.sf.iapp","app-analytics-services.com","",1
"2024-10-15T09:26:23.181+02:00","2024-10-15T09:27:40.869+02:00","tv.sf.iapp","region1.app-analytics-services.com","",2
"2024-10-15T09:27:22.603+02:00","2024-10-15T09:27:22.603+02:00","tv.sf.iapp","firebaselogging-pa.googleapis.com","Google LLC",1
"2024-10-15T09:21:26.081+02:00","2024-10-16T23:23:54.241+02:00","com.shallotgames.coffeegolf","firebaseremoteconfig.googleapis.com","Google LLC",3
"2024-10-15T09:21:35.156+02:00","2024-10-16T23:24:03.775+02:00","com.shallotgames.coffeegolf","app-analytics-services.com","",3
"2024-10-15T09:21:26.054+02:00","2024-10-16T23:23:54.037+02:00","com.shallotgames.coffeegolf","inappcheck.itunes.apple.com","",3
"2024-10-15T09:21:37.994+02:00","2024-10-16T23:25:45.907+02:00","com.shallotgames.coffeegolf","region1.app-analytics-services.com","",6
"2024-10-15T09:21:26.056+02:00","2024-10-15T09:21:26.056+02:00","com.shallotgames.coffeegolf","firebaseinstallations.googleapis.com","",1
"2024-10-15T09:21:26.668+02:00","2024-10-16T23:23:56.314+02:00","com.shallotgames.coffeegolf","ms.applovin.com","",3
"2024-10-15T09:21:28.153+02:00","2024-10-16T23:23:58.988+02:00","com.shallotgames.coffeegolf","itunes.apple.com","",3
"2024-10-15T09:21:28.195+02:00","2024-10-16T23:23:58.997+02:00","com.shallotgames.coffeegolf","client-api.itunes.apple.com","",3
"2024-10-15T09:21:28.167+02:00","2024-10-16T23:23:58.978+02:00","com.shallotgames.coffeegolf","unityads.unity3d.com","Unity Software Inc.",3
"2024-10-15T09:21:25.902+02:00","2024-10-16T23:23:53.973+02:00","com.shallotgames.coffeegolf","amp-api-edge.apps.apple.com","",3
"2024-10-15T09:21:28.052+02:00","2024-10-16T23:23:58.854+02:00","com.shallotgames.coffeegolf","d.applovin.com","",3
"2024-10-15T09:21:26.922+02:00","2024-10-16T23:23:56.823+02:00","com.shallotgames.coffeegolf","fundingchoicesmessages.google.com","",3
"2024-10-15T09:21:25.858+02:00","2024-10-16T23:23:53.980+02:00","com.shallotgames.coffeegolf","graph.facebook.com","Facebook, Inc.",3
"2024-10-15T09:21:28.108+02:00","2024-10-16T23:23:59.012+02:00","com.shallotgames.coffeegolf","ep7.facebook.com","",3
"2024-10-15T09:21:28.086+02:00","2024-10-16T23:23:58.916+02:00","com.shallotgames.coffeegolf","googleads.g.doubleclick.net","Google LLC",3
"2024-10-15T09:21:28.068+02:00","2024-10-16T23:23:58.858+02:00","com.shallotgames.coffeegolf","rt.applovin.com","",3
"2024-10-15T09:21:28.130+02:00","2024-10-16T23:23:58.994+02:00","com.shallotgames.coffeegolf","g.doubleclick.net","Google LLC",3
"2024-10-16T10:30:16.772+02:00","2024-10-16T23:23:58.952+02:00","com.shallotgames.coffeegolf","configv2.unityads.unity3d.com","Unity Software Inc.",2
"2024-10-16T10:30:20.254+02:00","2024-10-16T23:24:06.022+02:00","com.shallotgames.coffeegolf","thind.unityads.unity3d.com","Unity Software Inc.",2
"2024-10-14T21:53:07.696+02:00","2024-10-19T09:41:12.527+02:00","ch.tutti.iphone","cdn.cookielaw.org","",6
"2024-10-14T21:53:06.031+02:00","2024-10-17T15:55:13.015+02:00","ch.tutti.iphone","rules.aatkit.com","AddApptr GmbH",3
"2024-10-14T21:53:52.931+02:00","2024-10-18T10:08:15.597+02:00","ch.tutti.iphone","crcdn01.adnxs-simple.com","",2
"2024-10-14T21:53:36.990+02:00","2024-10-18T10:08:15.948+02:00","ch.tutti.iphone","pagead2.googlesyndication.com","Google LLC",3
"2024-10-14T21:53:15.912+02:00","2024-10-19T09:41:10.945+02:00","ch.tutti.iphone","app-analytics-services.com","",4
"2024-10-14T21:53:09.452+02:00","2024-10-18T15:55:48.463+02:00","ch.tutti.iphone","rules3.aatkit.com","AddApptr GmbH",2
"2024-10-14T21:53:20.679+02:00","2024-10-18T10:09:31.967+02:00","ch.tutti.iphone","region1.app-analytics-services.com","",5
"2024-10-14T21:53:20.968+02:00","2024-10-14T21:53:20.968+02:00","ch.tutti.iphone","www.google.com","",1
"2024-10-14T21:53:37.004+02:00","2024-10-18T10:08:15.954+02:00","ch.tutti.iphone","www.googletagservices.com","",3
"2024-10-14T21:53:05.916+02:00","2024-10-17T15:55:12.228+02:00","ch.tutti.iphone","firebase-settings.crashlytics.com","Google LLC",2
"2024-10-14T21:53:08.796+02:00","2024-10-18T10:08:12.419+02:00","ch.tutti.iphone","r10.o.lencr.org","",4
"2024-10-14T21:53:41.830+02:00","2024-10-14T21:53:41.830+02:00","ch.tutti.iphone","encrypted-tbn3.gstatic.com","",1
"2024-10-14T21:53:07.050+02:00","2024-10-19T09:41:04.075+02:00","ch.tutti.iphone","firebaselogging-pa.googleapis.com","Google LLC",5
"2024-10-14T21:54:05.324+02:00","2024-10-18T10:09:31.998+02:00","ch.tutti.iphone","reporting.aatkit.com","",2
"2024-10-14T21:53:20.952+02:00","2024-10-18T10:08:15.589+02:00","ch.tutti.iphone","acdn.adnxs-simple.com","",2
"2024-10-14T21:53:08.634+02:00","2024-10-18T15:55:52.722+02:00","ch.tutti.iphone","mobile-sdk-config.gservice.emarsys.net","",5
"2024-10-14T21:53:41.848+02:00","2024-10-14T21:53:41.848+02:00","ch.tutti.iphone","encrypted-tbn2.gstatic.com","",1
"2024-10-14T21:53:07.032+02:00","2024-10-19T09:41:10.957+02:00","ch.tutti.iphone","firebaseremoteconfig.googleapis.com","Google LLC",4
"2024-10-14T21:54:05.139+02:00","2024-10-18T10:09:31.996+02:00","ch.tutti.iphone","tracking.aatkit.com","AddApptr GmbH",2
"2024-10-14T21:53:06.004+02:00","2024-10-19T09:41:02.107+02:00","ch.tutti.iphone","firebaseremoteconfigrealtime.googleapis.com","",7
"2024-10-14T21:53:41.843+02:00","2024-10-14T21:53:41.843+02:00","ch.tutti.iphone","encrypted-tbn0.gstatic.com","",1
"2024-10-14T21:53:06.099+02:00","2024-10-19T09:41:01.178+02:00","ch.tutti.iphone","inappcheck.itunes.apple.com","",4
"2024-10-14T21:53:07.685+02:00","2024-10-19T09:41:04.306+02:00","ch.tutti.iphone","acdn.adnxs.com","",6
"2024-10-14T21:53:07.665+02:00","2024-10-19T09:41:04.300+02:00","ch.tutti.iphone","ib.adnxs-simple.com","",6
"2024-10-14T21:53:36.109+02:00","2024-10-18T10:08:15.573+02:00","ch.tutti.iphone","pubads.g.doubleclick.net","Google LLC",4
"2024-10-14T21:53:53.041+02:00","2024-10-18T10:08:26.736+02:00","ch.tutti.iphone","ade.googlesyndication.com","",2
"2024-10-14T21:53:09.118+02:00","2024-10-18T10:08:12.514+02:00","ch.tutti.iphone","r11.o.lencr.org","",3
"2024-10-14T21:53:37.009+02:00","2024-10-18T10:08:18.946+02:00","ch.tutti.iphone","tpc.googlesyndication.com","",3
"2024-10-14T21:53:07.036+02:00","2024-10-19T09:41:03.903+02:00","ch.tutti.iphone","googleads.g.doubleclick.net","Google LLC",6
"2024-10-14T21:53:09.476+02:00","2024-10-19T09:41:02.143+02:00","ch.tutti.iphone","rules2.aatkit.com","",4
"2024-10-14T21:53:37.800+02:00","2024-10-18T10:08:16.011+02:00","ch.tutti.iphone","s0.2mdn.net","",3
"2024-10-14T21:53:41.833+02:00","2024-10-14T21:53:41.833+02:00","ch.tutti.iphone","encrypted-tbn1.gstatic.com","",1
"2024-10-14T21:53:06.395+02:00","2024-10-19T09:41:01.555+02:00","ch.tutti.iphone","www.googletagmanager.com","Google LLC",4
"2024-10-14T21:53:37.716+02:00","2024-10-19T09:41:04.064+02:00","ch.tutti.iphone","g.doubleclick.net","Google LLC",4
"2024-10-14T21:53:07.045+02:00","2024-10-19T09:41:04.691+02:00","ch.tutti.iphone","amp-api-edge.apps.apple.com","",6
"2024-10-14T21:53:07.081+02:00","2024-10-19T09:41:12.110+02:00","ch.tutti.iphone","mobile-data.onetrust.io","",6
"2024-10-17T15:55:23.410+02:00","2024-10-17T15:55:23.410+02:00","ch.tutti.iphone","cm.g.doubleclick.net","Google LLC",1
"2024-10-17T15:55:15.179+02:00","2024-10-17T15:55:15.179+02:00","ch.tutti.iphone","firebaseinstallations.googleapis.com","",1
"2024-10-18T10:08:15.672+02:00","2024-10-18T10:08:15.672+02:00","ch.tutti.iphone","fonts.googleapis.com","",1
"2024-10-18T10:08:19.046+02:00","2024-10-18T10:08:19.046+02:00","ch.tutti.iphone","tps.doubleverify.com","",1
"2024-10-18T10:08:18.993+02:00","2024-10-18T10:08:18.993+02:00","ch.tutti.iphone","s3.eu-central-1.amazonaws.com","",1
"2024-10-18T10:08:15.783+02:00","2024-10-18T10:08:15.783+02:00","ch.tutti.iphone","fonts.gstatic.com","",1
"2024-10-18T10:08:18.988+02:00","2024-10-18T10:08:18.988+02:00","ch.tutti.iphone","static.adsafeprotected.com","",1
"2024-10-18T10:08:17.425+02:00","2024-10-18T10:08:17.425+02:00","ch.tutti.iphone","pixel.adsafeprotected.com","",1
"2024-10-18T10:08:19.078+02:00","2024-10-18T10:09:31.898+02:00","ch.tutti.iphone","tpsc-ew1.doubleverify.com","",2
"2024-10-18T10:08:19.001+02:00","2024-10-18T10:08:19.001+02:00","ch.tutti.iphone","ocsp.godaddy.com","",1
"2024-10-18T10:08:15.997+02:00","2024-10-18T10:08:15.997+02:00","ch.tutti.iphone","cdn.doubleverify.com","",1
"2024-10-12T10:34:16.585+02:00","2024-10-18T18:07:50.720+02:00","com.apple.mobilemail","r11.o.lencr.org","",6
"2024-10-13T17:21:18.558+02:00","2024-10-13T17:21:18.558+02:00","com.apple.mobilemail","fonts.gstatic.com","",1
"2024-10-15T23:26:18.975+02:00","2024-10-15T23:26:18.975+02:00","com.apple.mobilemail","media.licdn.com","",1
"2024-10-17T10:20:25.473+02:00","2024-10-19T10:46:28.903+02:00","com.apple.mobilemail","ocsp.digicert.com","",2
"2024-10-19T10:46:43.320+02:00","2024-10-19T10:46:43.320+02:00","com.apple.mobilemail","static.bird.co","",1
"2024-10-12T09:36:28.010+02:00","2024-10-19T08:01:53.023+02:00","com.spotify.client","clients3.google.com","",34
"2024-10-12T09:36:35.358+02:00","2024-10-18T22:59:22.270+02:00","com.spotify.client","census-app-x.scorecardresearch.com","",22
"2024-10-12T09:36:37.792+02:00","2024-10-19T09:02:54.121+02:00","com.spotify.client","i.scdn.co","",53
"2024-10-12T09:36:30.775+02:00","2024-10-19T09:01:28.591+02:00","com.spotify.client","cdn.branch.io","",126
"2024-10-12T09:36:27.792+02:00","2024-10-19T09:01:28.244+02:00","com.spotify.client","api3.branch.io","",116
"2024-10-12T09:36:45.454+02:00","2024-10-19T09:01:52.798+02:00","com.spotify.client","region1.app-measurement.com","Google LLC",148
"2024-10-12T09:39:36.213+02:00","2024-10-19T08:01:53.045+02:00","com.spotify.client","firebaselogging-pa.googleapis.com","Google LLC",39
"2024-10-12T20:28:27.324+02:00","2024-10-19T08:02:07.460+02:00","com.spotify.client","app-measurement.com","Google LLC",44
"2024-10-13T10:45:50.284+02:00","2024-10-19T08:01:52.927+02:00","com.spotify.client","inappcheck.itunes.apple.com","",16
"2024-10-14T12:24:43.174+02:00","2024-10-18T23:01:49.573+02:00","com.spotify.client","firebase-settings.crashlytics.com","Google LLC",4
"2024-10-14T12:25:29.066+02:00","2024-10-14T12:25:29.066+02:00","com.spotify.client","ocsp.godaddy.com","",1
"2024-10-15T00:56:42.345+02:00","2024-10-17T13:42:53.529+02:00","com.spotify.client","platform-lookaside.fbsbx.com","",2
"2024-10-16T08:20:34.997+02:00","2024-10-16T08:20:34.997+02:00","com.spotify.client","firebaseinstallations.googleapis.com","",1
